entity:TB_Samples_id	Country_of_sample_collection	Layout	Sequencing_technology	gambit_closest_genomes	gambit_predicted_taxon	gambit_predicted_taxon_rank	read1	read2	tbprofiler_dr_type	tbprofiler_main_lineage	tbprofiler_resistance_genes	tbprofiler_sub_lineage	Sample_source	Sequencing_strategy
DRR261203	Vietnam	Single	OXFORD_NANOPORE	gs://fc-33ce0d4e-1383-44bd-99b0-38de3dde6dda/submissions/e39b74ec-8a3f-430b-b9af-cad27df59f24/theiaprok_ont/20fe4e92-b8e5-4866-b03e-0599f949f38c/call-gambit/DRR261203_gambit_closest.csv	Mycobacterium tuberculosis	species	gs://fc-33ce0d4e-1383-44bd-99b0-38de3dde6dda/uploads/Test_run/DRR261203.fastq.gz		HR-TB	lineage1	katG_p.Ser315Thr	lineage1.1.1.1	Culture	Whole-genome
ERR11244734	Georgia	Single	ILLUMINA	gs://fc-33ce0d4e-1383-44bd-99b0-38de3dde6dda/submissions/1972b057-523e-4a62-ad00-f9f24e81b32e/theiaprok_illumina_se/4184a5b5-530b-4f3c-bba0-593fe81dab86/call-gambit/ERR11244734_gambit_closest.csv	Mycobacterium tuberculosis	species	gs://fc-33ce0d4e-1383-44bd-99b0-38de3dde6dda/uploads/Test_run/ERR11244734.fastq.gz		Sensitive	lineage4		lineage4.8	Culture	Whole-genome
ERR11775940	DRC	Paired	ILLUMINA	gs://fc-33ce0d4e-1383-44bd-99b0-38de3dde6dda/submissions/4f1c076e-5cc8-43c0-84a1-11ccfd5086e7/theiaprok_illumina_pe/242c97a8-4d41-4431-80f7-4ded349d1db8/call-gambit/ERR11775940_gambit_closest.csv	Mycobacterium tuberculosis	species	gs://fc-33ce0d4e-1383-44bd-99b0-38de3dde6dda/uploads/Test_run/ERR11775940_1.fastq.gz	gs://fc-33ce0d4e-1383-44bd-99b0-38de3dde6dda/uploads/Test_run/ERR11775940_2.fastq.gz	RR-TB	lineage4	rpoB_p.Lys446Thr	lineage4.4.1.1	Culture	Whole-genome
ERR12866975	Tanzania	Paired	ILLUMINA	gs://fc-33ce0d4e-1383-44bd-99b0-38de3dde6dda/submissions/4f1c076e-5cc8-43c0-84a1-11ccfd5086e7/theiaprok_illumina_pe/cc710519-50ed-4783-98bf-6960e2eeb831/call-gambit/ERR12866975_gambit_closest.csv	Mycobacterium tuberculosis	species	gs://fc-33ce0d4e-1383-44bd-99b0-38de3dde6dda/uploads/Test_run/ERR13654175_1.fastq.gz	gs://fc-33ce0d4e-1383-44bd-99b0-38de3dde6dda/uploads/Test_run/ERR13654175_2.fastq.gz	Pre-XDR-TB	lineage4	rpoB_p.Ser450Leu;katG_p.Ser315Thr;embB_p.Met306Val;gyrA_p.Ala90Val;gyrA_p.Ala90Val;gyrA_p.Ala90Val;gyrA_p.Ala90Val;gyrA_p.Ala90Val	lineage4.1.1.1	Culture	Whole-genome
ERR13430449	Georgia	Single	ILLUMINA	gs://fc-33ce0d4e-1383-44bd-99b0-38de3dde6dda/submissions/1972b057-523e-4a62-ad00-f9f24e81b32e/theiaprok_illumina_se/49ff159a-b10b-4876-878c-a178c5aaf240/call-gambit/ERR13430449_gambit_closest.csv	Mycobacterium tuberculosis	species	gs://fc-33ce0d4e-1383-44bd-99b0-38de3dde6dda/uploads/Test_run/ERR13430449.fastq.gz		MDR-TB	lineage4	"rpoB p.Arg552Cys (1.00), rpoB p.Ser450Leu (1.00);katG p.Ser315Thr (1.00);embB p.Ser347Ile (1.00);mmpR5 p.Gln9* (1.00);gid p.Gly69Asp (1.00);mmpR5 p.Gln9* (1.00)"	lineage4.1	Culture	Whole-genome
ERR13654175	Portugal	Paired	ILLUMINA	gs://fc-33ce0d4e-1383-44bd-99b0-38de3dde6dda/submissions/4f1c076e-5cc8-43c0-84a1-11ccfd5086e7/theiaprok_illumina_pe/e762a73d-d639-4cf9-a6c0-c988949c47f9/call-gambit/cacheCopy/ERR13654175_gambit_closest.csv	Mycobacterium tuberculosis	species	gs://fc-33ce0d4e-1383-44bd-99b0-38de3dde6dda/uploads/Test_run/ERR13654175_1.fastq.gz	gs://fc-33ce0d4e-1383-44bd-99b0-38de3dde6dda/uploads/Test_run/ERR13654175_2.fastq.gz	Pre-XDR-TB	lineage4	rpoB_p.Ser450Leu;katG_p.Ser315Thr;embB_p.Met306Val;gyrA_p.Ala90Val;gyrA_p.Ala90Val;gyrA_p.Ala90Val;gyrA_p.Ala90Val;gyrA_p.Ala90Val	lineage4.1.1.1	Culture	Whole-genome
ERR4772237	Ethiopia	Single	ILLUMINA	gs://fc-33ce0d4e-1383-44bd-99b0-38de3dde6dda/submissions/2336dec8-4a7d-4700-8580-6f79a56eea9a/theiaprok_illumina_se/cd95bc23-72fa-44cd-96f5-c552ca9700f2/call-gambit/attempt-2/ERR4772237_gambit_closest.csv	Mycobacterium tuberculosis	species	gs://fc-33ce0d4e-1383-44bd-99b0-38de3dde6dda/uploads/Test_run/ERR4772237.fastq.gz		Sensitive	lineage4		lineage4.9	Culture	Whole-genome
ERR5162033	United Kingdom	Paired	ILLUMINA	gs://fc-33ce0d4e-1383-44bd-99b0-38de3dde6dda/submissions/b1642d22-4966-4ba4-9e55-7d3f272e8682/theiaprok_illumina_pe/c35d1c5f-aa21-4e78-880f-be97ec8eeace/call-gambit/ERR5162033_gambit_closest.csv	Mycobacterium tuberculosis	species	gs://fc-33ce0d4e-1383-44bd-99b0-38de3dde6dda/uploads/Test_run/ERR5162033_1.fastq.gz	gs://fc-33ce0d4e-1383-44bd-99b0-38de3dde6dda/uploads/Test_run/ERR5162033_2.fastq.gz	Other	La1	pncA_p.His57Asp	La1.8.1	Culture	Whole-genome
ERR5162034	United Kingdom	Paired	ILLUMINA	gs://fc-33ce0d4e-1383-44bd-99b0-38de3dde6dda/submissions/b1642d22-4966-4ba4-9e55-7d3f272e8682/theiaprok_illumina_pe/da50c229-c66a-4b31-9238-5136f26a0df4/call-gambit/ERR5162034_gambit_closest.csv	Mycobacterium tuberculosis	species	gs://fc-33ce0d4e-1383-44bd-99b0-38de3dde6dda/uploads/Test_run/ERR5162034_1.fastq.gz	gs://fc-33ce0d4e-1383-44bd-99b0-38de3dde6dda/uploads/Test_run/ERR5162034_2.fastq.gz	Other	La1	pncA_p.His57Asp	La1.8.1	Culture	Whole-genome
ERR564336	New Zealand	Paired	ILLUMINA	gs://fc-33ce0d4e-1383-44bd-99b0-38de3dde6dda/submissions/36063c6c-89dd-4a32-b54e-5b2abebef59e/theiaprok_illumina_pe/203dba15-c955-4fc3-855d-6d35f480e9bb/call-gambit/ERR564336_gambit_closest.csv	Mycobacterium tuberculosis	species	gs://fc-33ce0d4e-1383-44bd-99b0-38de3dde6dda/uploads/Test_run/ERR564336_1.fastq.gz	gs://fc-33ce0d4e-1383-44bd-99b0-38de3dde6dda/uploads/Test_run/ERR564336_2.fastq.gz	Other	La1	pncA_p.His57Asp	La1.8.1	Culture	Whole-genome
ERR8025412	South Africa	Paired	ILLUMINA	gs://fc-33ce0d4e-1383-44bd-99b0-38de3dde6dda/submissions/4f1c076e-5cc8-43c0-84a1-11ccfd5086e7/theiaprok_illumina_pe/a3940f94-5f9e-4156-aebc-1c33cc151da9/call-gambit/cacheCopy/ERR8025412_gambit_closest.csv	Mycobacterium tuberculosis	species	gs://fc-33ce0d4e-1383-44bd-99b0-38de3dde6dda/uploads/Test_run/ERR8025412_1.fastq.gz	gs://fc-33ce0d4e-1383-44bd-99b0-38de3dde6dda/uploads/Test_run/ERR8025412_2.fastq.gz	Pre-XDR-TB	lineage2	"rpoB_p.Ser450Leu;fabG1_c.-15C>T, katG_p.Ser315Thr;pncA_p.Cys14Arg;embB_p.Met306Ile;gid_p.Leu79Ser, rrs_n.514A>C;gyrA_p.Asp94Gly;gyrA_p.Asp94Gly;gyrA_p.Asp94Gly;gyrA_p.Asp94Gly;gyrA_p.Asp94Gly;rrs_n.1401A>G;rrs_n.1401A>G;rrs_n.1401A>G;rrs_n.1401A>G;ethA_p.Ala381Pro, fabG1_c.-15C>T"	lineage2.2.2	Culture	Whole-genome
ERR8025486	South Africa	Paired	ILLUMINA	gs://fc-33ce0d4e-1383-44bd-99b0-38de3dde6dda/submissions/d3ed78ec-dba3-4f59-a0a2-ecdeef0ab7ab/theiaprok_illumina_pe/02b2f198-fcb7-4102-9392-2511219adb2d/call-gambit/ERR8025486_gambit_closest.csv	Mycobacterium tuberculosis	species	gs://fc-33ce0d4e-1383-44bd-99b0-38de3dde6dda/uploads/Test_run/ERR8025486_1.fastq.gz	gs://fc-33ce0d4e-1383-44bd-99b0-38de3dde6dda/uploads/Test_run/ERR8025486_2.fastq.gz	Pre-XDR-TB	lineage4	"rpoB p.Asp435Gly (1.00), rpoB p.Leu452Pro (1.00);inhA c.-770T>A (1.00), katG p.Ser315Thr (1.00);embB p.Met306Val (1.00);pncA c.456dupC (0.98);gyrA p.Ala90Val (0.98);gyrA p.Ala90Val (0.98);gid c.161_290del (1.00);rrs n.1401A>G (0.99);rrs n.1401A>G (0.99);rrs n.1401A>G (0.99);ethA c.-11A>G (1.00), inhA c.-770T>A (1.00)"	lineage4.3.3	Culture	Whole-genome
ERR8025493	South Africa	Paired	ILLUMINA	gs://fc-33ce0d4e-1383-44bd-99b0-38de3dde6dda/submissions/d3ed78ec-dba3-4f59-a0a2-ecdeef0ab7ab/theiaprok_illumina_pe/61ced314-7021-4793-8be3-38e9455a37ef/call-gambit/ERR8025493_gambit_closest.csv	Mycobacterium tuberculosis	species	gs://fc-33ce0d4e-1383-44bd-99b0-38de3dde6dda/uploads/Test_run/ERR8025493_1.fastq.gz	gs://fc-33ce0d4e-1383-44bd-99b0-38de3dde6dda/uploads/Test_run/ERR8025493_2.fastq.gz	Pre-XDR-TB	lineage2	"rpoB p.Asp435Val (1.00);inhA c.-779G>T (0.98), katG p.Ser315Thr (1.00);embB p.Met306Ile (1.00);pncA c.517dupG (1.00);gyrA p.Asp94Asn (1.00);gyrA p.Asp94Asn (1.00);gid p.Leu79Ser (1.00);ethA p.Ala381Pro (1.00), inhA c.-779G>T (0.98);alr p.Leu113Arg (1.00)"	lineage2.2.2	Culture	Whole-genome
ERR8025507	South Africa	Paired	ILLUMINA	gs://fc-33ce0d4e-1383-44bd-99b0-38de3dde6dda/submissions/d3ed78ec-dba3-4f59-a0a2-ecdeef0ab7ab/theiaprok_illumina_pe/238c23bc-0697-4924-8ef1-a3d1c37f9360/call-gambit/ERR8025507_gambit_closest.csv	Mycobacterium tuberculosis	species	gs://fc-33ce0d4e-1383-44bd-99b0-38de3dde6dda/uploads/Test_run/ERR8025507_1.fastq.gz	gs://fc-33ce0d4e-1383-44bd-99b0-38de3dde6dda/uploads/Test_run/ERR8025507_2.fastq.gz	Pre-XDR-TB	lineage2	"rpoB p.Asp435Val (1.00);inhA c.-779G>T (1.00), katG p.Ser315Thr (1.00);embB p.Met306Ile (1.00);pncA c.517dupG (1.00);gyrA p.Asp94Gly (1.00);gyrA p.Asp94Gly (1.00);gid p.Leu79Ser (1.00), rrs n.514A>C (1.00);rrs n.1401A>G (1.00);rrs n.1401A>G (1.00);rrs n.1401A>G (1.00);ethA p.Ala381Pro (1.00), inhA c.-779G>T (1.00);alr p.Leu113Arg (1.00)"	lineage2.2.2	Culture	Whole-genome
ERR8025769	South Africa	Paired	ILLUMINA	gs://fc-33ce0d4e-1383-44bd-99b0-38de3dde6dda/submissions/4f1c076e-5cc8-43c0-84a1-11ccfd5086e7/theiaprok_illumina_pe/f03457b8-dcaa-45fc-acf1-11b4fe70b11c/call-gambit/cacheCopy/ERR8025769_gambit_closest.csv	Mycobacterium tuberculosis	species	gs://fc-33ce0d4e-1383-44bd-99b0-38de3dde6dda/uploads/Test_run/ERR8025769_1.fastq.gz	gs://fc-33ce0d4e-1383-44bd-99b0-38de3dde6dda/uploads/Test_run/ERR8025769_2.fastq.gz	Pre-XDR-TB	lineage2	"rpoB_p.Asp435Val;fabG1_c.-17G>T, katG_p.Ser315Thr;pncA_c.517dupG;embB_p.Met306Ile;gid_p.Leu79Ser, rrs_n.514A>C;gyrA_p.Asp94His;gyrA_p.Asp94His;gyrA_p.Asp94His;gyrA_p.Asp94His;gyrA_p.Asp94His;rrs_n.1401A>G;rrs_n.1401A>G;rrs_n.1401A>G;rrs_n.1401A>G;ethA_p.Ala381Pro, fabG1_c.-17G>T;alr_p.Leu113Arg"	lineage2.2.2	Culture	Whole-genome
SRR14211536	China	Paired	ILLUMINA	gs://fc-33ce0d4e-1383-44bd-99b0-38de3dde6dda/submissions/4f1c076e-5cc8-43c0-84a1-11ccfd5086e7/theiaprok_illumina_pe/e73bde53-e497-4a6b-b26d-8127d3075e88/call-gambit/SRR14211536_gambit_closest.csv	Mycobacterium tuberculosis	species	gs://fc-33ce0d4e-1383-44bd-99b0-38de3dde6dda/uploads/Test_run/SRR28351526_1.fastq.gz	gs://fc-33ce0d4e-1383-44bd-99b0-38de3dde6dda/uploads/Test_run/SRR28351526_2.fastq.gz	Pre-XDR-TB	lineage3	rpoB_p.Ser450Leu;katG_p.Arg104Leu;gyrA_p.Ala90Val;gyrA_p.Ala90Val;gyrA_p.Ala90Val;gyrA_p.Ala90Val;gyrA_p.Ala90Val	lineage3	Culture	Whole-genome
SRR21735251	Nepal	Single	OXFORD_NANOPORE	gs://fc-33ce0d4e-1383-44bd-99b0-38de3dde6dda/submissions/e39b74ec-8a3f-430b-b9af-cad27df59f24/theiaprok_ont/edee6590-93fc-4799-93ac-c5b1ae1b3b60/call-gambit/SRR21735251_gambit_closest.csv	Mycobacterium tuberculosis	species	gs://fc-33ce0d4e-1383-44bd-99b0-38de3dde6dda/uploads/Test_run/SRR21735251.fastq.gz		Sensitive	lineage4		lineage4.1.2.1	Culture	Whole-genome
SRR23402840	Colombia	Paired	ILLUMINA	gs://fc-33ce0d4e-1383-44bd-99b0-38de3dde6dda/submissions/4f1c076e-5cc8-43c0-84a1-11ccfd5086e7/theiaprok_illumina_pe/fc4d6db1-1fd0-418a-96e4-6ca5862c278e/call-gambit/SRR23402840_gambit_closest.csv	Mycobacterium tuberculosis	species	gs://fc-33ce0d4e-1383-44bd-99b0-38de3dde6dda/uploads/Test_run/SRR23402840_1.fastq.gz	gs://fc-33ce0d4e-1383-44bd-99b0-38de3dde6dda/uploads/Test_run/SRR23402840_2.fastq.gz	Sensitive	lineage4		lineage4.3.4.2	Culture	Whole-genome
SRR25446744	Madagascar	Single	OXFORD_NANOPORE	gs://fc-33ce0d4e-1383-44bd-99b0-38de3dde6dda/submissions/e39b74ec-8a3f-430b-b9af-cad27df59f24/theiaprok_ont/be968de5-3e99-453a-9a40-3e0445f1ebc2/call-gambit/SRR25446744_gambit_closest.csv	Mycobacterium tuberculosis	species	gs://fc-33ce0d4e-1383-44bd-99b0-38de3dde6dda/uploads/Test_run/SRR25446744.fastq.gz		Sensitive	lineage4		lineage4.3.3	Culture	Whole-genome
SRR26193463	Thailand	Single	OXFORD_NANOPORE	gs://fc-33ce0d4e-1383-44bd-99b0-38de3dde6dda/submissions/94850708-f5ac-4386-9d5d-bc92b72a6d10/theiaprok_ont/0634ba57-3fe0-4f63-97d1-f9786ad06f00/call-gambit/SRR26193463_gambit_closest.csv	Mycobacterium tuberculosis	species	gs://fc-33ce0d4e-1383-44bd-99b0-38de3dde6dda/uploads/Test_run/SRR26193463.fastq.gz		Pre-XDR-TB	lineage2	rpoB_p.Ser450Leu;katG_p.Ser315Thr;embB_p.Met306Ile;rpsL_p.Lys43Arg;gyrA_p.Asp94Gly;gyrA_p.Asp94Gly;gyrA_p.Asp94Gly;gyrA_p.Asp94Gly;gyrA_p.Asp94Gly;rrs_n.1401A>G;rrs_n.1401A>G;rrs_n.1401A>G;rrs_n.1401A>G;thyX_c.-16C>T	lineage2.2.1	Culture	Whole-genome
SRR26283454	Kazakhstan	Single	PACBIO_SMRT	gs://fc-33ce0d4e-1383-44bd-99b0-38de3dde6dda/submissions/de430047-0117-41da-bff6-bff4f692e5f9/theiaprok_ont/95ed3d97-d831-416a-89d2-d782467bda65/call-gambit/SRR26283454_gambit_closest.csv	Mycobacterium tuberculosis	species	gs://fc-33ce0d4e-1383-44bd-99b0-38de3dde6dda/uploads/Test_run/SRR26283454.fastq.gz		Sensitive	lineage4		lineage4.8	Culture	Whole-genome
SRR28796330	Minnesota	Paired	ILLUMINA	gs://fc-33ce0d4e-1383-44bd-99b0-38de3dde6dda/submissions/04eb9f99-2901-4e29-ac74-85beb617d9c3/theiaprok_illumina_pe/129cc3ad-28bb-4779-ab13-20f7409b05fa/call-gambit/SRR28796330_gambit_closest.csv	Mycobacterium tuberculosis	species	gs://fc-33ce0d4e-1383-44bd-99b0-38de3dde6dda/uploads/Test_run/SRR28796330_1.fastq.gz	gs://fc-33ce0d4e-1383-44bd-99b0-38de3dde6dda/uploads/Test_run/SRR28796330_2.fastq.gz	Other	La1	pncA_p.His57Asp	La1.2.BCG	Culture	Whole-genome
SRR28843542	Ethiopia	Paired	ILLUMINA	gs://fc-33ce0d4e-1383-44bd-99b0-38de3dde6dda/submissions/4f1c076e-5cc8-43c0-84a1-11ccfd5086e7/theiaprok_illumina_pe/772d9e60-c06c-4d25-b2d7-19706396c784/call-gambit/SRR28843542_gambit_closest.csv	Mycobacterium tuberculosis	species	gs://fc-33ce0d4e-1383-44bd-99b0-38de3dde6dda/uploads/Test_run/SRR28843542_1.fastq.gz	gs://fc-33ce0d4e-1383-44bd-99b0-38de3dde6dda/uploads/Test_run/SRR28843542_2.fastq.gz	Pre-XDR-TB	lineage3	rpoB_p.Ser450Leu;katG_p.Ser315Thr;pncA_c.192_193insA;embB_p.Met306Val;rpsL_p.Lys88Arg;gyrA_p.Asp94Tyr;gyrA_p.Asp94Tyr;gyrA_p.Asp94Tyr;gyrA_p.Asp94Tyr;gyrA_p.Asp94Tyr;ethA_c.858_999del	lineage3.1.1	Culture	Whole-genome
SRR29096993	Uganda	Paired	ILLUMINA	gs://fc-33ce0d4e-1383-44bd-99b0-38de3dde6dda/submissions/415ec4c8-f11a-45c7-851a-8df75f41ed3a/theiaprok_illumina_pe/ae95d0f7-7c4c-4e6c-8467-c4311a649655/call-gambit/SRR29096993_gambit_closest.csv	Mycobacterium tuberculosis	species	gs://fc-33ce0d4e-1383-44bd-99b0-38de3dde6dda/uploads/Test_run/SRR29096993_1.fastq.gz	gs://fc-33ce0d4e-1383-44bd-99b0-38de3dde6dda/uploads/Test_run/SRR29096993_2.fastq.gz	Sensitive	lineage3		lineage3.1.1	Culture	Whole-genome
SRR31065062	South Korean	Paired	ILLUMINA	gs://fc-33ce0d4e-1383-44bd-99b0-38de3dde6dda/submissions/460a4b54-71fc-415e-a7d9-ff7f51296591/theiaprok_illumina_pe/1e5c4b62-c088-4759-8b4b-6c74a0073389/call-gambit/SRR31065062_gambit_closest.csv	Mycobacterium tuberculosis	species	gs://fc-33ce0d4e-1383-44bd-99b0-38de3dde6dda/uploads/Test_run/SRR31065062_1.fastq.gz	gs://fc-33ce0d4e-1383-44bd-99b0-38de3dde6dda/uploads/Test_run/SRR31065062_2.fastq.gz	Pre-XDR-TB	lineage2	"rpoB p.Ser450Leu (1.00);inhA c.-770T>C (1.00);embB p.Met306Val (1.00);pncA c.-11_69delATGGTGGACGTATGCGGGCGTTGATCATCGTCGACGTGCAGAACGACTTCTGCGAGGGTGGCTCGCTGGCGGTAACCGGT (1.00), pncA c.-11_69delATGGTGGACGTATGCGGGCGTTGATCATCGTCGACGTGCAGAACGACTTCTGCGAGGGTGGCTCGCTGGCGGTAACCGGT (1.00);gyrA p.Asp94Gly (1.00);gyrA p.Asp94Gly (1.00);rpsL p.Lys43Arg (1.00);rrs n.1401A>G (0.92);rrs n.1401A>G (0.92);rrs n.1401A>G (0.92);inhA c.-770T>C (1.00)"	lineage2.2.1	Culture	Whole-genome
SRR31627914	China	Paired	ILLUMINA	gs://fc-33ce0d4e-1383-44bd-99b0-38de3dde6dda/submissions/987feb6d-303a-4197-95ac-14efd8488bc8/theiaprok_illumina_pe/cad1306d-0468-4129-b96b-36149d54cf97/call-gambit/SRR31627914_gambit_closest.csv	Mycobacterium tuberculosis	species	gs://fc-33ce0d4e-1383-44bd-99b0-38de3dde6dda/uploads/Test_run/SRR31627914_1.fastq.gz	gs://fc-33ce0d4e-1383-44bd-99b0-38de3dde6dda/uploads/Test_run/SRR31627914_2.fastq.gz	Other	La1	pncA_p.His57Asp	La1.8.1	Culture	Whole-genome
SRR31884847	Canada	Paired	ILLUMINA	gs://fc-33ce0d4e-1383-44bd-99b0-38de3dde6dda/submissions/624cec06-e53c-4a6b-9199-bfcd06d6bb2a/theiaprok_illumina_pe/855e3446-98f7-400f-8993-05e3ff4c2d0f/call-gambit/SRR31884847_gambit_closest.csv	Mycobacterium tuberculosis	species	gs://fc-33ce0d4e-1383-44bd-99b0-38de3dde6dda/uploads/Test_run/SRR31884847_1.fastq.gz	gs://fc-33ce0d4e-1383-44bd-99b0-38de3dde6dda/uploads/Test_run/SRR31884847_2.fastq.gz	Sensitive	La2		La2	Culture	Whole-genome
SRR31924875	Spain	Paired	ILLUMINA	gs://fc-33ce0d4e-1383-44bd-99b0-38de3dde6dda/submissions/624cec06-e53c-4a6b-9199-bfcd06d6bb2a/theiaprok_illumina_pe/ee2daf03-0d58-4056-9870-e0cb1b2e3878/call-gambit/SRR31924875_gambit_closest.csv	Mycobacterium tuberculosis	species	gs://fc-33ce0d4e-1383-44bd-99b0-38de3dde6dda/uploads/Test_run/SRR31924875_1.fastq.gz	gs://fc-33ce0d4e-1383-44bd-99b0-38de3dde6dda/uploads/Test_run/SRR31924875_2.fastq.gz	Other	La1	pncA_p.His57Asp	La1.7.1	Culture	Whole-genome
SRR32120702	Russia	Paired	DNBSEQ	gs://fc-33ce0d4e-1383-44bd-99b0-38de3dde6dda/submissions/624cec06-e53c-4a6b-9199-bfcd06d6bb2a/theiaprok_illumina_pe/5c3d8609-6eb7-4dd4-9f2f-919ad9c47192/call-gambit/SRR32120702_gambit_closest.csv	Mycobacterium tuberculosis	species	gs://fc-33ce0d4e-1383-44bd-99b0-38de3dde6dda/uploads/Test_run/SRR32120702_1.fastq.gz	gs://fc-33ce0d4e-1383-44bd-99b0-38de3dde6dda/uploads/Test_run/SRR32120702_2.fastq.gz	MDR-TB	lineage2	rpoB_p.Ser450Leu;katG_p.Ser315Thr;embB_p.Met306Val;rpsL_p.Lys43Arg	lineage2.2.1	Culture	Whole-genome
SRR32120703	Russia	Paired	DNBSEQ	gs://fc-33ce0d4e-1383-44bd-99b0-38de3dde6dda/submissions/5b2ec0ac-a7ed-46df-b0be-4bff64587e9d/theiaprok_illumina_pe/d20e5e8c-9b47-467b-890d-b196cb73f279/call-gambit/SRR32120703_gambit_closest.csv	Mycobacterium tuberculosis	species	gs://fc-33ce0d4e-1383-44bd-99b0-38de3dde6dda/uploads/Test_run/SRR32120703_1.fastq.gz	gs://fc-33ce0d4e-1383-44bd-99b0-38de3dde6dda/uploads/Test_run/SRR32120703_2.fastq.gz	Pre-XDR-TB	lineage2	rpoB_p.Ser450Leu;katG_p.Ser315Thr;embB_p.Met306Val;rpsL_p.Lys43Arg;gyrA_p.Ser91Pro;gyrA_p.Ser91Pro;gyrA_p.Ser91Pro;gyrA_p.Ser91Pro;gyrA_p.Ser91Pro;rrs_n.1401A>G;rrs_n.1401A>G;rrs_n.1401A>G;rrs_n.1401A>G;ethA_c.110delA	lineage2.2.1	Culture	Whole-genome
SRR32263914	China	Paired	ILLUMINA	gs://fc-33ce0d4e-1383-44bd-99b0-38de3dde6dda/submissions/5b2ec0ac-a7ed-46df-b0be-4bff64587e9d/theiaprok_illumina_pe/8394be84-4be0-4711-84f2-cdde71eebccb/call-gambit/SRR32263914_gambit_closest.csv	Mycobacterium tuberculosis	species	gs://fc-33ce0d4e-1383-44bd-99b0-38de3dde6dda/uploads/Test_run/SRR32263914_1.fastq.gz	gs://fc-33ce0d4e-1383-44bd-99b0-38de3dde6dda/uploads/Test_run/SRR32263914_2.fastq.gz	MDR-TB	lineage2	rpoB_p.Ser450Leu;katG_p.Ser315Thr;pncA_p.Thr135Pro;rrs_n.517C>T	lineage2.2.1	Culture	Whole-genome
SRR32859933	Bhutan	Paired	ILLUMINA	gs://fc-33ce0d4e-1383-44bd-99b0-38de3dde6dda/submissions/4f1c076e-5cc8-43c0-84a1-11ccfd5086e7/theiaprok_illumina_pe/26c537a6-97eb-4f0b-91b2-574cc8ca8ef3/call-gambit/SRR32859933_gambit_closest.csv	Mycobacterium tuberculosis	species	gs://fc-33ce0d4e-1383-44bd-99b0-38de3dde6dda/uploads/Test_run/SRR32859933_1.fastq.gz	gs://fc-33ce0d4e-1383-44bd-99b0-38de3dde6dda/uploads/Test_run/SRR32859933_2.fastq.gz	RR-TB	lineage2	rpoB_p.Lys446Thr	lineage2.2.1	Culture	Whole-genome
SRR6207275	South Africa	Paired	ILLUMINA	gs://fc-33ce0d4e-1383-44bd-99b0-38de3dde6dda/submissions/d3ed78ec-dba3-4f59-a0a2-ecdeef0ab7ab/theiaprok_illumina_pe/f719e48b-e763-42a7-8b0b-ff2c5b8b30d7/call-gambit/SRR6207275_gambit_closest.csv	Mycobacterium tuberculosis	species	gs://fc-33ce0d4e-1383-44bd-99b0-38de3dde6dda/uploads/Test_run/SRR6207275_1.fastq.gz	gs://fc-33ce0d4e-1383-44bd-99b0-38de3dde6dda/uploads/Test_run/SRR6207275_2.fastq.gz	Sensitive	lineage4		lineage4.4.1.1	Culture	Whole-genome
SRR857286	South Africa	Paired	ILLUMINA	gs://fc-33ce0d4e-1383-44bd-99b0-38de3dde6dda/submissions/624cec06-e53c-4a6b-9199-bfcd06d6bb2a/theiaprok_illumina_pe/cd453bdb-bb8e-4fa4-b609-caa9d1c40942/call-gambit/SRR857286_gambit_closest.csv	Mycobacterium tuberculosis	species	gs://fc-33ce0d4e-1383-44bd-99b0-38de3dde6dda/uploads/Test_run/SRR857286_1.fastq.gz	gs://fc-33ce0d4e-1383-44bd-99b0-38de3dde6dda/uploads/Test_run/SRR857286_2.fastq.gz	MDR-TB	lineage4	"rpoB_p.Asp435Tyr, rpoB_p.Thr427Pro;fabG1_c.-8T>A, katG_p.Ser315Thr, katG_p.Thr12Pro;pncA_p.Gly132Ala, pncA_p.Leu19Arg, pncA_p.Val155Gly, pncA_p.Val21Gly;embB_p.Met306Val, embB_p.Ser366Pro, embB_p.Val309Gly, embR_p.Thr32Pro;ethA_c.-11A>G"	lineage4.3.3	Culture	Whole-genome
SRR857XXXX	South Africa	Paired	ILLUMINA						Pre-XDR-TB				Culture	Whole-genome
SRR857XX	South Africa	Paired	ILLUMINA						Pre-XDR-TB				Culture	Whole-genome
SRR857XX_1	China	Paired	ILLUMINA						XDR-TB				Culture	Whole-genome
SRR857XX_2	China	Paired	ILLUMINA						Pre-XDR-TB				Culture	Whole-genome
SRR25532997	Ethiopia	Paired	ILLUMINA						Other				Culture	Whole-genome
EEERRRR	South Africa	Paired	ILLUMINA						RR-TB				Culture	Whole-genome
EEERRRR	South Africa	Paired	ILLUMINA						RR-TB				Culture	Whole-genome
EEERRRR	South Africa	Paired	ILLUMINA						RR-TB				Culture	Whole-genome
EEERRRR	South Africa	Paired	ILLUMINA						RR-TB				Culture	Whole-genome
EEERRRR	Mali	Paired	ILLUMINA						RR-TB				Culture	Whole-genome
EEERRRR	Nigeria	Paired	ILLUMINA						RR-TB				Culture	Whole-genome
EEERRRR	Algeria	Paired	ILLUMINA						Other				Culture	Whole-genome
EEERRRR	Rwanda	Paired	ILLUMINA						HR-TB				Culture	Whole-genome
EEERRRR	South Africa	Paired	ILLUMINA						XDR-TB				Culture	Whole-genome
EEERRRR	Sudan	Paired	ILLUMINA						Sensitive				Culture	Whole-genome
EEERRRR	Angola	Paired	ILLUMINA						Sensitive				Culture	Whole-genome
EEERRRR	Egypt	Paired	ILLUMINA						Sensitive				Culture	Whole-genome
EEERRRR	Namibia	Paired	ILLUMINA						Sensitive				Culture	Whole-genome
EEERRRR	Botswana	Paired	ILLUMINA						Sensitive				Culture	Whole-genome
EEERRRR	South Africa	Paired	ILLUMINA						Sensitive				Culture	Whole-genome
EEERRRR	South Africa	Paired	ILLUMINA						Sensitive				Culture	Whole-genome
EEERRRR	South Africa	Paired	ILLUMINA						Sensitive				Culture	Whole-genome
EEERRRR	South Africa	Paired	ILLUMINA						Sensitive				Culture	Whole-genome
EEERRRR	South Africa	Paired	ILLUMINA						Sensitive				Culture	Whole-genome
EEERRRR	South Africa	Paired	ILLUMINA						Sensitive				Culture	Whole-genome
EEERRRR	South Africa	Paired	ILLUMINA						HR-TB				Culture	Whole-genome